,compression_ratio,global_mmlu_ar/acc,global_mmlu_ar/acc_stderr,global_mmlu_bn/acc,global_mmlu_bn/acc_stderr,global_mmlu_de/acc,global_mmlu_de/acc_stderr,global_mmlu_en/acc,global_mmlu_en/acc_stderr,global_mmlu_es/acc,global_mmlu_es/acc_stderr,global_mmlu_fr/acc,global_mmlu_fr/acc_stderr,global_mmlu_hi/acc,global_mmlu_hi/acc_stderr,global_mmlu_id/acc,global_mmlu_id/acc_stderr,global_mmlu_it/acc,global_mmlu_it/acc_stderr,global_mmlu_ja/acc,global_mmlu_ja/acc_stderr,global_mmlu_ko/acc,global_mmlu_ko/acc_stderr,global_mmlu_pt/acc,global_mmlu_pt/acc_stderr,global_mmlu_sw/acc,global_mmlu_sw/acc_stderr,global_mmlu_yo/acc,global_mmlu_yo/acc_stderr,global_mmlu_zh/acc,global_mmlu_zh/acc_stderr
0,1.0,0.5675,0.024781690641433023,0.4825,0.025074752410327392,0.645,0.024049889089963784,0.71,0.02262718778599604,0.65,0.02398455118990443,0.64,0.024055079818978618,0.5525,0.024812960219916982,0.6075,0.024527433888717386,0.685,0.023233378573116737,0.575,0.024792274042566845,0.555,0.024983389949536004,0.655,0.02377487078267309,0.44,0.02492200974478512,0.3775,0.024252669734911424,0.6125,0.02432713663136082
1,0.9,0.49,0.024972341345204423,0.3925,0.024465293788372425,0.6125,0.02445515054325751,0.6875,0.023157599250309323,0.6225,0.024336276919347616,0.63,0.024157551440858772,0.475,0.024979249340238468,0.54,0.02505926420153089,0.625,0.02411812865938031,0.505,0.024940683208131614,0.4775,0.025080307754106884,0.59,0.024564937846916768,0.45,0.02503172605367304,0.385,0.02416320533343187,0.5725,0.024765026974359252
2,0.8,0.4725,0.02493176641875778,0.36,0.02393827780128586,0.5675,0.02492983005541565,0.6425,0.02394310051339187,0.56,0.024985659398943014,0.56,0.024719929493275287,0.435,0.024954897826340142,0.5125,0.025053132035458305,0.585,0.02449172709175821,0.4675,0.02496503786908361,0.405,0.024692934703543088,0.5575,0.024656376523042492,0.45,0.02497253461642619,0.3425,0.02380595491754854,0.53,0.02500434161036334
3,0.7,0.405,0.024539047364817917,0.3225,0.023365621866714363,0.5025,0.025109865022428027,0.5425,0.02496067352007762,0.475,0.025091166994723763,0.5025,0.0250863602501897,0.41,0.02459116189045392,0.4475,0.02498786490263286,0.515,0.024769894372264015,0.4125,0.024632192219941177,0.3375,0.023582354910076663,0.505,0.024878033461497983,0.4,0.02462544037149792,0.335,0.02341231940977107,0.4525,0.024690240218463617
