,compression_ratio,global_mmlu_ar/acc,global_mmlu_ar/acc_stderr,global_mmlu_bn/acc,global_mmlu_bn/acc_stderr,global_mmlu_de/acc,global_mmlu_de/acc_stderr,global_mmlu_en/acc,global_mmlu_en/acc_stderr,global_mmlu_es/acc,global_mmlu_es/acc_stderr,global_mmlu_fr/acc,global_mmlu_fr/acc_stderr,global_mmlu_hi/acc,global_mmlu_hi/acc_stderr,global_mmlu_id/acc,global_mmlu_id/acc_stderr,global_mmlu_it/acc,global_mmlu_it/acc_stderr,global_mmlu_ja/acc,global_mmlu_ja/acc_stderr,global_mmlu_ko/acc,global_mmlu_ko/acc_stderr,global_mmlu_pt/acc,global_mmlu_pt/acc_stderr,global_mmlu_sw/acc,global_mmlu_sw/acc_stderr,global_mmlu_yo/acc,global_mmlu_yo/acc_stderr,global_mmlu_zh/acc,global_mmlu_zh/acc_stderr
0,1.0,0.6275,0.024240913105461597,0.5675,0.0248555925761714,0.72,0.022455225453453107,0.775,0.02076410143262244,0.7075,0.022699499012545376,0.685,0.02324547576295623,0.6,0.02445042247299335,0.6825,0.02324290661410919,0.705,0.022859512144453534,0.6675,0.023522740529910584,0.6625,0.0235116154478123,0.68,0.02300010864787183,0.565,0.02462860638043154,0.4075,0.02448560453832981,0.655,0.023775789664764235
1,0.9,0.6225,0.02420117832926707,0.5475,0.024998155020865494,0.725,0.022277949421431176,0.77,0.020830426812767148,0.7,0.022894335793074178,0.68,0.023310215927099386,0.5975,0.024415806783965772,0.6725,0.02347234781951359,0.7175,0.02238830740518823,0.6525,0.023695922154343168,0.65,0.02370433716275215,0.6075,0.024047342720094417,0.565,0.024592194566168252,0.4025,0.024196013619573947,0.64,0.023934163424244988
2,0.8,0.6175,0.024184539268919416,0.54,0.02501152145516752,0.715,0.022522532252848212,0.7725,0.020759052459537783,0.7,0.022840046317772734,0.6725,0.02341762382050567,0.5875,0.024555011136739795,0.6875,0.02322446501666538,0.7275,0.022269939513750295,0.6125,0.02421108293446496,0.635,0.023853437838493783,0.5075,0.024405427331941378,0.5575,0.024776663655173434,0.375,0.023896565796434704,0.655,0.023714898554433567
3,0.7,0.5975,0.02426053642724618,0.5375,0.0249548621659134,0.6875,0.0230225196264174,0.765,0.02100855512417197,0.675,0.023349528352914935,0.6475,0.023833176549408863,0.5725,0.024656990915027488,0.6275,0.02414164140214949,0.69,0.02282295803781844,0.575,0.024444565280710543,0.61,0.024308604422345673,0.415,0.024116425945358833,0.555,0.024669219507366526,0.3475,0.02337088340643478,0.5975,0.02435439313630901
