,compression_ratio,global_mmlu_ar/acc,global_mmlu_ar/acc_stderr,global_mmlu_bn/acc,global_mmlu_bn/acc_stderr,global_mmlu_de/acc,global_mmlu_de/acc_stderr,global_mmlu_en/acc,global_mmlu_en/acc_stderr,global_mmlu_es/acc,global_mmlu_es/acc_stderr,global_mmlu_fr/acc,global_mmlu_fr/acc_stderr,global_mmlu_hi/acc,global_mmlu_hi/acc_stderr,global_mmlu_id/acc,global_mmlu_id/acc_stderr,global_mmlu_it/acc,global_mmlu_it/acc_stderr,global_mmlu_ja/acc,global_mmlu_ja/acc_stderr,global_mmlu_ko/acc,global_mmlu_ko/acc_stderr,global_mmlu_pt/acc,global_mmlu_pt/acc_stderr,global_mmlu_sw/acc,global_mmlu_sw/acc_stderr,global_mmlu_yo/acc,global_mmlu_yo/acc_stderr,global_mmlu_zh/acc,global_mmlu_zh/acc_stderr
0,1.0,0.5625,0.024655274978589603,0.4775,0.02514093023930337,0.6425,0.024081459300803333,0.685,0.022958240459872457,0.645,0.024005831209515216,0.6475,0.023895902720243483,0.525,0.02506136412195612,0.585,0.024765079048060502,0.655,0.023651266146345377,0.58,0.024687895221354457,0.555,0.024962464626045896,0.6925,0.022990831534603223,0.455,0.02483335272646748,0.37,0.023979260368104615,0.615,0.02432066723180745
1,0.9,0.47,0.024972933669860375,0.415,0.02470235681669002,0.605,0.024581091452117617,0.64,0.02388325279885479,0.6175,0.02425631302636077,0.635,0.024102290464752995,0.4775,0.025076357775425464,0.5725,0.02490092099107463,0.615,0.024324765941248237,0.5275,0.024903337549457512,0.535,0.0249398896944594,0.6325,0.024046777785428665,0.435,0.02488138399970847,0.3625,0.02398871933890167,0.5975,0.02436407830528125
2,0.8,0.4225,0.024792825684789303,0.36,0.024064447116123888,0.575,0.024684894152788028,0.59,0.02462642505903365,0.5475,0.024959400285505296,0.5275,0.024906437719192417,0.4175,0.024728013295659577,0.4975,0.025139591605416216,0.5525,0.024995175123755597,0.4625,0.024900481166001184,0.4075,0.024603494413056735,0.5375,0.02502976876755025,0.3625,0.024181474215692247,0.325,0.023302319610721232,0.5125,0.02506228144446485
3,0.7,0.3775,0.024277696809569045,0.31,0.023120296166678045,0.505,0.02511952342694399,0.5225,0.024967034205228947,0.4775,0.02497425456215481,0.44,0.02489510817636534,0.365,0.02413539604489355,0.4075,0.024638584868998822,0.465,0.02480526883465708,0.4025,0.024490010796638036,0.35,0.023976043484153452,0.47,0.025029350037353525,0.3125,0.023069145429625407,0.305,0.0229891305212229,0.4275,0.0248594600131809
