,compression_ratio,global_mmlu_ar/acc,global_mmlu_ar/acc_stderr,global_mmlu_bn/acc,global_mmlu_bn/acc_stderr,global_mmlu_de/acc,global_mmlu_de/acc_stderr,global_mmlu_en/acc,global_mmlu_en/acc_stderr,global_mmlu_es/acc,global_mmlu_es/acc_stderr,global_mmlu_fr/acc,global_mmlu_fr/acc_stderr,global_mmlu_hi/acc,global_mmlu_hi/acc_stderr,global_mmlu_id/acc,global_mmlu_id/acc_stderr,global_mmlu_it/acc,global_mmlu_it/acc_stderr,global_mmlu_ja/acc,global_mmlu_ja/acc_stderr,global_mmlu_ko/acc,global_mmlu_ko/acc_stderr,global_mmlu_pt/acc,global_mmlu_pt/acc_stderr,global_mmlu_sw/acc,global_mmlu_sw/acc_stderr,global_mmlu_yo/acc,global_mmlu_yo/acc_stderr,global_mmlu_zh/acc,global_mmlu_zh/acc_stderr
0,1.0,0.58,0.02459718775248326,0.3875,0.024362705121371217,0.59,0.024576133328858493,0.62,0.02430698850164848,0.6075,0.024392202208125553,0.5925,0.024519858947934785,0.5325,0.02497431964798846,0.5625,0.024721701460703977,0.5975,0.02453354729308257,0.5625,0.024868103235958523,0.5675,0.02466046353600635,0.605,0.02424051290250381,0.345,0.023741743561740233,0.3,0.02292240572448941,0.5875,0.024669704771442535
1,0.9,0.52,0.025070033817924088,0.3325,0.02364625331103741,0.585,0.024457045814601716,0.6025,0.024442847559147277,0.5975,0.02450295468723489,0.5575,0.024886565591169623,0.4675,0.02502733234229277,0.5125,0.02493917849564177,0.59,0.02449502442732125,0.5475,0.02489856069722727,0.545,0.024953732996528033,0.5875,0.024525011075808064,0.3425,0.023753812081320772,0.2675,0.022089609281242897,0.54,0.024993627980519743
2,0.8,0.4175,0.02479533465562991,0.3225,0.023188997209160577,0.54,0.02480035875269931,0.5975,0.024576133938758574,0.535,0.0249241412308523,0.5275,0.02506557267067097,0.3925,0.024278240067449577,0.455,0.02497056575425108,0.565,0.02482452764864418,0.485,0.02512165821997451,0.5125,0.025084169935382847,0.5375,0.024898567341546093,0.31,0.023107921913502028,0.25,0.021770883539431008,0.5025,0.025147617262508803
3,0.7,0.3825,0.024303682466628344,0.3125,0.022970345661858512,0.46,0.024884554255204177,0.5225,0.02503629966601827,0.45,0.024896793423838912,0.4125,0.024650914610461677,0.35,0.023624821693637832,0.42,0.024754422796674447,0.47,0.024873084266871567,0.43,0.024716850311845825,0.415,0.024636667667570875,0.46,0.024930671408500353,0.2825,0.022323730300060473,0.2525,0.02176311754261141,0.4125,0.024717610154259308
