,compression_ratio,global_mmlu_ar/acc,global_mmlu_ar/acc_stderr,global_mmlu_bn/acc,global_mmlu_bn/acc_stderr,global_mmlu_de/acc,global_mmlu_de/acc_stderr,global_mmlu_en/acc,global_mmlu_en/acc_stderr,global_mmlu_es/acc,global_mmlu_es/acc_stderr,global_mmlu_fr/acc,global_mmlu_fr/acc_stderr,global_mmlu_hi/acc,global_mmlu_hi/acc_stderr,global_mmlu_id/acc,global_mmlu_id/acc_stderr,global_mmlu_it/acc,global_mmlu_it/acc_stderr,global_mmlu_ja/acc,global_mmlu_ja/acc_stderr,global_mmlu_ko/acc,global_mmlu_ko/acc_stderr,global_mmlu_pt/acc,global_mmlu_pt/acc_stderr,global_mmlu_sw/acc,global_mmlu_sw/acc_stderr,global_mmlu_yo/acc,global_mmlu_yo/acc_stderr,global_mmlu_zh/acc,global_mmlu_zh/acc_stderr
0,1.0,0.4475,0.02489967785432185,0.3975,0.024574945711711607,0.565,0.02482746322769564,0.6625,0.023593528943110908,0.5675,0.02489517540916741,0.595,0.02444022342481093,0.4525,0.02506483500472248,0.545,0.02503367640089797,0.5825,0.024704437996953377,0.485,0.025118522332161847,0.4725,0.02502173834672952,0.5725,0.024713621411700012,0.4175,0.02474952703185991,0.305,0.023063834768011944,0.5475,0.024968268140825214
1,1.0,0.4475,0.02489967785432185,0.3975,0.024574945711711607,0.565,0.02482746322769564,0.6625,0.023593528943110908,0.5675,0.02489517540916741,0.595,0.02444022342481093,0.4525,0.02506483500472248,0.545,0.02503367640089797,0.5825,0.024704437996953377,0.485,0.025118522332161847,0.4725,0.02502173834672952,0.5725,0.024713621411700012,0.4175,0.02474952703185991,0.305,0.023063834768011944,0.5475,0.024968268140825214
2,1.0,0.445,0.024927625608183228,0.3925,0.02452905239693227,0.5675,0.024815543865207634,0.655,0.0237158157573567,0.5675,0.024915415934372975,0.5975,0.024423673391619733,0.45,0.02505245664792475,0.54,0.025021423716383,0.5875,0.0247097340694899,0.4875,0.02511800637606238,0.4725,0.02502603208646782,0.5725,0.02472157608918984,0.4225,0.024809722570744455,0.295,0.022856006721061476,0.55,0.024966589052040904
3,1.0,0.445,0.024912540011241227,0.4,0.024591077730382105,0.5675,0.024838599118177547,0.66,0.0236422564507614,0.565,0.024869132157848153,0.5875,0.02454753663683914,0.4525,0.02506483500472248,0.535,0.025055452288010305,0.585,0.024735893906416125,0.48,0.025123421607831768,0.475,0.025019239831794743,0.5675,0.024745773069883775,0.42,0.02475842736602245,0.305,0.023097619608991503,0.5425,0.025036050565323736
