,compression_ratio,global_mmlu_ar/acc,global_mmlu_ar/acc_stderr,global_mmlu_bn/acc,global_mmlu_bn/acc_stderr,global_mmlu_de/acc,global_mmlu_de/acc_stderr,global_mmlu_en/acc,global_mmlu_en/acc_stderr,global_mmlu_es/acc,global_mmlu_es/acc_stderr,global_mmlu_fr/acc,global_mmlu_fr/acc_stderr,global_mmlu_hi/acc,global_mmlu_hi/acc_stderr,global_mmlu_id/acc,global_mmlu_id/acc_stderr,global_mmlu_it/acc,global_mmlu_it/acc_stderr,global_mmlu_ja/acc,global_mmlu_ja/acc_stderr,global_mmlu_ko/acc,global_mmlu_ko/acc_stderr,global_mmlu_pt/acc,global_mmlu_pt/acc_stderr,global_mmlu_sw/acc,global_mmlu_sw/acc_stderr,global_mmlu_yo/acc,global_mmlu_yo/acc_stderr,global_mmlu_zh/acc,global_mmlu_zh/acc_stderr
0,1.0,0.5675,0.024675736515603352,0.4625,0.025027369008540985,0.6525,0.023949511267010275,0.72,0.022326816808529985,0.6575,0.02380668471958156,0.645,0.02402161624935048,0.5175,0.02500846701038408,0.5875,0.02472632051875501,0.665,0.023623477165760697,0.5625,0.024871516739216067,0.57,0.02475245183645612,0.665,0.023574771927062747,0.46,0.024823357953624448,0.395,0.02436877307811511,0.63,0.02402341199406091
1,0.9,0.5275,0.024964729617833904,0.415,0.02474185465471113,0.6275,0.024271559469753696,0.705,0.022763877192131406,0.6325,0.02420066286446844,0.6125,0.024380303468220097,0.4675,0.02493472432707796,0.59,0.024692920607297546,0.645,0.024028837721884515,0.5275,0.02509427183416492,0.515,0.02509430150039922,0.6375,0.024171900326569972,0.4625,0.024833240683349963,0.3425,0.023516870007421534,0.59,0.02443102356699239
2,0.8,0.4725,0.024910651538216557,0.385,0.024170882331215587,0.56,0.024843572969947304,0.6575,0.023646538111145084,0.5725,0.02479633254446673,0.57,0.024728490805769054,0.405,0.024595242540828195,0.515,0.025097301148604215,0.6075,0.02456509219888403,0.4725,0.025114362312542104,0.46,0.02503460824265083,0.585,0.024680988520270185,0.4275,0.024720793350561945,0.3325,0.023299672670328595,0.53,0.0249886090173597
3,0.7,0.4025,0.02456866437370694,0.3675,0.024075925068137993,0.505,0.025014834961418597,0.59,0.024626863985243302,0.5225,0.025115411052287793,0.475,0.02495409706730204,0.365,0.02418078451484299,0.445,0.02484089837791788,0.55,0.02473777493974115,0.4275,0.02488851466650641,0.3725,0.024198323969316392,0.515,0.025004323893121176,0.37,0.024078869789902375,0.33,0.0231564556096439,0.45,0.024890737476264288
