,compression_ratio,global_mmlu_ar/acc,global_mmlu_ar/acc_stderr,global_mmlu_bn/acc,global_mmlu_bn/acc_stderr,global_mmlu_de/acc,global_mmlu_de/acc_stderr,global_mmlu_en/acc,global_mmlu_en/acc_stderr,global_mmlu_es/acc,global_mmlu_es/acc_stderr,global_mmlu_fr/acc,global_mmlu_fr/acc_stderr,global_mmlu_hi/acc,global_mmlu_hi/acc_stderr,global_mmlu_id/acc,global_mmlu_id/acc_stderr,global_mmlu_it/acc,global_mmlu_it/acc_stderr,global_mmlu_ja/acc,global_mmlu_ja/acc_stderr,global_mmlu_ko/acc,global_mmlu_ko/acc_stderr,global_mmlu_pt/acc,global_mmlu_pt/acc_stderr,global_mmlu_sw/acc,global_mmlu_sw/acc_stderr,global_mmlu_yo/acc,global_mmlu_yo/acc_stderr,global_mmlu_zh/acc,global_mmlu_zh/acc_stderr
0,1.0,0.57,0.02470457363501033,0.39,0.02440052231321336,0.59,0.0245937099892141,0.6225,0.024273209425116637,0.605,0.024436791839517507,0.5975,0.024484949931785464,0.5325,0.024939681211799267,0.56,0.02473805211059141,0.6025,0.024467532493597816,0.565,0.02485434116383816,0.565,0.02469701364358706,0.6,0.02432760950483566,0.345,0.023741743561740233,0.3025,0.023001245967077116,0.5975,0.024554069640263465
1,0.9,0.565,0.024717394630996176,0.38,0.024246589481926244,0.5875,0.02462927152689998,0.62,0.024223656056160257,0.6075,0.024303541507494367,0.6075,0.02440541238722816,0.5375,0.024942064323362333,0.5525,0.024764972434717453,0.5875,0.02447273120659321,0.55,0.02495578066704613,0.57,0.02466581620216358,0.6025,0.02426290625440402,0.3475,0.02389497777000853,0.2675,0.02208624917955668,0.5975,0.02460980753320568
2,0.8,0.5675,0.02477904142999052,0.3775,0.0241790102389186,0.6025,0.024438635697297383,0.6325,0.02401499334667825,0.595,0.024550547508802,0.625,0.02424873127647238,0.52,0.02498715164784568,0.5475,0.0248222472693164,0.5775,0.024629974611975487,0.5725,0.024826406997681898,0.5525,0.02489085856103409,0.6125,0.02429152223123601,0.3425,0.023701112289675197,0.285,0.022515834222645553,0.595,0.024576469991411297
3,0.7,0.56,0.02481548429125861,0.35,0.023722458743065243,0.5875,0.02451064275351022,0.6125,0.024308998982551774,0.6025,0.0245186391026828,0.6,0.02458700356887645,0.525,0.025064926101196955,0.525,0.025033626172132117,0.5725,0.024578350080237187,0.555,0.02489119812606659,0.5475,0.024745859620255464,0.5925,0.024590950789900617,0.335,0.023659043583641397,0.2825,0.02246556876364459,0.5725,0.024666073363079695
