,compression_ratio,global_mmlu_ar/acc,global_mmlu_ar/acc_stderr,global_mmlu_bn/acc,global_mmlu_bn/acc_stderr,global_mmlu_de/acc,global_mmlu_de/acc_stderr,global_mmlu_en/acc,global_mmlu_en/acc_stderr,global_mmlu_es/acc,global_mmlu_es/acc_stderr,global_mmlu_fr/acc,global_mmlu_fr/acc_stderr,global_mmlu_hi/acc,global_mmlu_hi/acc_stderr,global_mmlu_id/acc,global_mmlu_id/acc_stderr,global_mmlu_it/acc,global_mmlu_it/acc_stderr,global_mmlu_ja/acc,global_mmlu_ja/acc_stderr,global_mmlu_ko/acc,global_mmlu_ko/acc_stderr,global_mmlu_pt/acc,global_mmlu_pt/acc_stderr,global_mmlu_sw/acc,global_mmlu_sw/acc_stderr,global_mmlu_yo/acc,global_mmlu_yo/acc_stderr,global_mmlu_zh/acc,global_mmlu_zh/acc_stderr
0,1.0,0.765,0.02124805716064809,0.7175,0.022599520198774543,0.8025,0.019951876970731388,0.86,0.01739575432914892,0.815,0.019458490319963613,0.805,0.01980969868255234,0.765,0.021231070757752768,0.8075,0.019802185247615848,0.81,0.01954119418014875,0.8,0.020046898838221104,0.76,0.02141058813163043,0.8425,0.01827288598939017,0.705,0.022667097421509862,0.4625,0.024568899752610604,0.7625,0.021239928807651676
1,0.9,0.7275,0.02231913090315349,0.605,0.02419381305186958,0.7925,0.02029344829833827,0.8275,0.018958596057074447,0.805,0.019791259759715026,0.7825,0.02069003909045605,0.6875,0.023128014909276167,0.77,0.02091508798503489,0.8175,0.019242135165177893,0.7475,0.021778389439316332,0.72,0.02249734702839598,0.8325,0.018682145380882,0.6775,0.023152162659463058,0.445,0.0247331323881153,0.75,0.02145512622484805
2,0.8,0.605,0.024429719046670986,0.515,0.02452891187289056,0.745,0.02178956911021003,0.795,0.02013382113235524,0.775,0.020839689585834844,0.755,0.02154055073299405,0.5975,0.024496769559946188,0.705,0.022601869015210906,0.77,0.02101334157023883,0.6725,0.023483299902029124,0.64,0.02404025610111861,0.7925,0.020214718660888413,0.6175,0.02433396137074623,0.3825,0.024202346508818296,0.7,0.02287434876339793
3,0.7,0.4975,0.025036298136032246,0.4675,0.024933835441793936,0.6525,0.02386349266042478,0.7675,0.021084023699295094,0.7,0.022732087790315495,0.6375,0.024049973435713533,0.48,0.024977673806203984,0.605,0.02445715417883307,0.675,0.02327488413570054,0.6,0.024569658792976783,0.5075,0.025128839958484177,0.71,0.02260815250747402,0.505,0.0249127521972862,0.3375,0.0235552645982357,0.605,0.024286986108330272
