,compression_ratio,global_mmlu_ar/acc,global_mmlu_ar/acc_stderr,global_mmlu_bn/acc,global_mmlu_bn/acc_stderr,global_mmlu_de/acc,global_mmlu_de/acc_stderr,global_mmlu_en/acc,global_mmlu_en/acc_stderr,global_mmlu_es/acc,global_mmlu_es/acc_stderr,global_mmlu_fr/acc,global_mmlu_fr/acc_stderr,global_mmlu_hi/acc,global_mmlu_hi/acc_stderr,global_mmlu_id/acc,global_mmlu_id/acc_stderr,global_mmlu_it/acc,global_mmlu_it/acc_stderr,global_mmlu_ja/acc,global_mmlu_ja/acc_stderr,global_mmlu_ko/acc,global_mmlu_ko/acc_stderr,global_mmlu_pt/acc,global_mmlu_pt/acc_stderr,global_mmlu_sw/acc,global_mmlu_sw/acc_stderr,global_mmlu_yo/acc,global_mmlu_yo/acc_stderr,global_mmlu_zh/acc,global_mmlu_zh/acc_stderr
0,1.0,0.69,0.023045064044746114,0.645,0.02397883829563125,0.735,0.02208432148349685,0.805,0.019765193633988334,0.7475,0.02151597027493629,0.7475,0.02154145356620755,0.6825,0.0233427386407419,0.7275,0.022165751459226696,0.76,0.021203057485891415,0.7125,0.02258356429532494,0.68,0.0232110827867966,0.73,0.022192989582680008,0.635,0.0241039965034762,0.435,0.02416936033395344,0.7325,0.022081335408039134
1,0.9,0.685,0.02311012160198369,0.63,0.0242124266566645,0.72,0.02247882805847232,0.8075,0.019646058650560697,0.745,0.021666410334523656,0.7425,0.02172858902055243,0.675,0.023462898684981952,0.7225,0.022290915245439615,0.75,0.021557565811499774,0.6925,0.02304866478142863,0.6575,0.023669653822665566,0.6725,0.023497513846063845,0.645,0.023936108575381487,0.4325,0.02456809163230421,0.7175,0.02245620958220844
2,0.8,0.67,0.023434313037115385,0.6175,0.024393350133712872,0.7175,0.02256033392607436,0.8025,0.019790904557582378,0.7375,0.02192943855882536,0.73,0.022123360367476728,0.66,0.023671827672461027,0.705,0.022794531916670607,0.7525,0.02151843060589016,0.6525,0.023711662240910657,0.6625,0.0236048466759399,0.595,0.02419553241521291,0.6275,0.024183902957641796,0.39,0.02402873340984608,0.7175,0.022370612651796188
3,0.7,0.6175,0.02409492862103064,0.6125,0.024434398117529156,0.7125,0.02272447414493163,0.8,0.019898404161865738,0.7225,0.022312897810140356,0.715,0.022582642675306783,0.635,0.024088552073769705,0.67,0.023341280040960016,0.735,0.022069324757781707,0.65,0.023611247063111657,0.63,0.024033889555975324,0.4825,0.02466757355752412,0.6025,0.024424232608935396,0.3725,0.02387151853389147,0.69,0.02312379062268993
